price,size,location,province,title,url
95000,110,Alicante. Campoamor - Carolinas - Altozano,alicante,Piso en venta,https://www.tecnocasa.es/venta/piso/alicante/alicante/538600.html
135000,134,San Vicente Del Raspeig,alicante,Casa en venta,https://www.tecnocasa.es/venta/casa/alicante/san-vicente-del-raspeig/546441.html
299000,210,Alicante. San Blas - Pau,alicante,Casa en venta,https://www.tecnocasa.es/venta/casa/alicante/alicante/546343.html
83900,66,Elche-Elx,alicante,Piso en venta,https://www.tecnocasa.es/venta/piso/alicante/elche-elx/538507.html
97500,81,Alicante. Plà Del Bon Repòs - La Goleta - San Antón,alicante,Piso en venta,https://www.tecnocasa.es/venta/piso/alicante/alicante/545342.html
215000,160,Agost,alicante,Casa en venta,https://www.tecnocasa.es/venta/casa/alicante/agost/532806.html
99000,90,Alicante. Plà Del Bon Repòs - La Goleta - San Antón,alicante,Piso en venta,https://www.tecnocasa.es/venta/piso/alicante/alicante/543967.html
7900,21,San Vicente Del Raspeig,alicante,Box/plaza de garaje en venta,https://www.tecnocasa.es/venta/boxplaza-de-garaje/alicante/san-vicente-del-raspeig/542233.html
86000,42,Benidorm,alicante,Piso en venta,https://www.tecnocasa.es/venta/piso/alicante/benidorm/529755.html
52900,125,San Vicente Del Raspeig,alicante,Local comercial en venta,https://www.tecnocasa.es/venta/local-comercial/alicante/san-vicente-del-raspeig/531310.html
155000,104,San Vicente Del Raspeig,alicante,Piso en venta,https://www.tecnocasa.es/venta/piso/alicante/san-vicente-del-raspeig/541741.html
64900,53,San Vicente Del Raspeig,alicante,Local comercial en venta,https://www.tecnocasa.es/venta/local-comercial/alicante/san-vicente-del-raspeig/542561.html
7000,35,Alicante. Plà Del Bon Repòs - La Goleta - San Antón,alicante,Box/plaza de garaje en venta,https://www.tecnocasa.es/venta/boxplaza-de-garaje/alicante/alicante/545903.html
159900,127,San Vicente Del Raspeig,alicante,Piso en venta,https://www.tecnocasa.es/venta/piso/alicante/san-vicente-del-raspeig/545828.html
97500,92,Alicante. Los Ángeles - Tómbola - San Nicolás,alicante,Local comercial en venta,https://www.tecnocasa.es/venta/local-comercial/alicante/alicante/539372.html
169900,112,Alicante. Benalúa - La Florida - Babel - San Gabriel,alicante,Piso en venta,https://www.tecnocasa.es/venta/piso/alicante/alicante/526822.html
33000,60,Alicante. Campoamor - Carolinas - Altozano,alicante,Local comercial en venta,https://www.tecnocasa.es/venta/local-comercial/alicante/alicante/525004.html
91000,70,Alicante. Campoamor - Carolinas - Altozano,alicante,Piso en venta,https://www.tecnocasa.es/venta/piso/alicante/alicante/542969.html
100000,4400,San Vicente Del Raspeig,alicante,Terrenos en venta,https://www.tecnocasa.es/venta/terrenos/alicante/san-vicente-del-raspeig/526758.html
176900,159,San Vicente Del Raspeig,alicante,Piso en venta,https://www.tecnocasa.es/venta/piso/alicante/san-vicente-del-raspeig/542018.html
242000,231,Alicante. Campoamor - Carolinas - Altozano,alicante,Terrenos en venta,https://www.tecnocasa.es/venta/terrenos/alicante/alicante/542858.html
117000,115,Alicante. Campoamor - Carolinas - Altozano,alicante,Piso en venta,https://www.tecnocasa.es/venta/piso/alicante/alicante/538771.html
83000,88,Alicante. Los Ángeles - Tómbola - San Nicolás,alicante,Piso en venta,https://www.tecnocasa.es/venta/piso/alicante/alicante/544777.html
169900,162,San Vicente Del Raspeig,alicante,Piso en venta,https://www.tecnocasa.es/venta/piso/alicante/san-vicente-del-raspeig/543813.html
104000,277,Alicante. Plà Del Bon Repòs - La Goleta - San Antón,alicante,Piso en venta,https://www.tecnocasa.es/venta/piso/alicante/alicante/536169.html
12900,18,San Vicente Del Raspeig,alicante,Box/plaza de garaje en venta,https://www.tecnocasa.es/venta/boxplaza-de-garaje/alicante/san-vicente-del-raspeig/501918.html
199000,99,Alicante. San Blas - Pau,alicante,Local comercial en venta,https://www.tecnocasa.es/venta/local-comercial/alicante/alicante/538323.html
135000,105,Alicante. San Blas - Pau,alicante,Piso en venta,https://www.tecnocasa.es/venta/piso/alicante/alicante/544593.html
90000,429,Alicante. Los Ángeles - Tómbola - San Nicolás,alicante,Local comercial en venta,https://www.tecnocasa.es/venta/local-comercial/alicante/alicante/526840.html
83000,62,Alicante. Plà Del Bon Repòs - La Goleta - San Antón,alicante,Piso en venta,https://www.tecnocasa.es/venta/piso/alicante/alicante/543644.html
125000,83,Alicante. Campoamor - Carolinas - Altozano,alicante,Piso en venta,https://www.tecnocasa.es/venta/piso/alicante/alicante/530778.html
80000,117,San Vicente Del Raspeig,alicante,Local comercial en venta,https://www.tecnocasa.es/venta/local-comercial/alicante/san-vicente-del-raspeig/500427.html
119000,158,San Vicente Del Raspeig,alicante,Local comercial en venta,https://www.tecnocasa.es/venta/local-comercial/alicante/san-vicente-del-raspeig/517254.html
11900,15,San Vicente Del Raspeig,alicante,Box/plaza de garaje en venta,https://www.tecnocasa.es/venta/boxplaza-de-garaje/alicante/san-vicente-del-raspeig/526213.html
69900,4000,Alicante. Los Ángeles - Tómbola - San Nicolás,alicante,Terrenos en venta,https://www.tecnocasa.es/venta/terrenos/alicante/alicante/530614.html
56000,2155,San Vicente Del Raspeig,alicante,Terrenos en venta,https://www.tecnocasa.es/venta/terrenos/alicante/san-vicente-del-raspeig/540899.html
89900,100,San Vicente Del Raspeig,alicante,Piso en venta,https://www.tecnocasa.es/venta/piso/alicante/san-vicente-del-raspeig/544212.html
71500,91,Alicante. Campoamor - Carolinas - Altozano,alicante,Piso en venta,https://www.tecnocasa.es/venta/piso/alicante/alicante/535632.html
89900,70,Alicante. Campoamor - Carolinas - Altozano,alicante,Piso en venta,https://www.tecnocasa.es/venta/piso/alicante/alicante/541320.html
9000,25,San Vicente Del Raspeig,alicante,Box/plaza de garaje en venta,https://www.tecnocasa.es/venta/boxplaza-de-garaje/alicante/san-vicente-del-raspeig/530882.html
65000,69,Alicante. Virgen Del Remedio - Juan Xxiii,alicante,Piso en venta,https://www.tecnocasa.es/venta/piso/alicante/alicante/486294.html
67000,57,Alicante. Los Ángeles - Tómbola - San Nicolás,alicante,Piso en venta,https://www.tecnocasa.es/venta/piso/alicante/alicante/527352.html
72260,75,Alicante. Los Ángeles - Tómbola - San Nicolás,alicante,Local comercial en venta,https://www.tecnocasa.es/venta/local-comercial/alicante/alicante/533096.html
55000,52,Alicante. Parque Avenidas - Vistahermosa,alicante,Local comercial en venta,https://www.tecnocasa.es/venta/local-comercial/alicante/alicante/534451.html
54000,38,Alicante. Parque Avenidas - Vistahermosa,alicante,Local comercial en venta,https://www.tecnocasa.es/venta/local-comercial/alicante/alicante/542206.html
60000,80,Alicante. Virgen Del Remedio - Juan Xxiii,alicante,Piso en venta,https://www.tecnocasa.es/venta/piso/alicante/alicante/540503.html
67500,77,Alicante. Los Ángeles - Tómbola - San Nicolás,alicante,Piso en venta,https://www.tecnocasa.es/venta/piso/alicante/alicante/540906.html
39000,80,Alicante. Virgen Del Remedio - Juan Xxiii,alicante,Piso en venta,https://www.tecnocasa.es/venta/piso/alicante/alicante/542559.html
170000,90,Alicante. Campoamor - Carolinas - Altozano,alicante,Ático en venta,https://www.tecnocasa.es/venta/atico/alicante/alicante/542568.html
85000,58,Alicante. Campoamor - Carolinas - Altozano,alicante,Piso en venta,https://www.tecnocasa.es/venta/piso/alicante/alicante/542892.html
79000,110,Alicante. Campoamor - Carolinas - Altozano,alicante,Piso en venta,https://www.tecnocasa.es/venta/piso/alicante/alicante/542895.html
95000,95,Alicante. Campoamor - Carolinas - Altozano,alicante,Piso en venta,https://www.tecnocasa.es/venta/piso/alicante/alicante/542908.html
65000,94,Alicante. Virgen Del Remedio - Juan Xxiii,alicante,Piso en venta,https://www.tecnocasa.es/venta/piso/alicante/alicante/543662.html
145000,125,San Vicente Del Raspeig,alicante,Piso en venta,https://www.tecnocasa.es/venta/piso/alicante/san-vicente-del-raspeig/538988.html
150000,133,Alicante. San Blas - Pau,alicante,Piso en venta,https://www.tecnocasa.es/venta/piso/alicante/alicante/542450.html
120000,100,Alicante. Los Ángeles - Tómbola - San Nicolás,alicante,Ático en venta,https://www.tecnocasa.es/venta/atico/alicante/alicante/539143.html
76000,87,Alicante. Los Ángeles - Tómbola - San Nicolás,alicante,Piso en venta,https://www.tecnocasa.es/venta/piso/alicante/alicante/539606.html
8900,24,Alicante. San Blas - Pau,alicante,Box/plaza de garaje en venta,https://www.tecnocasa.es/venta/boxplaza-de-garaje/alicante/alicante/543473.html
67000,80,Alicante. Parque Avenidas - Vistahermosa,alicante,Piso en venta,https://www.tecnocasa.es/venta/piso/alicante/alicante/538316.html
154900,489,San Vicente Del Raspeig,alicante,Local comercial en venta,https://www.tecnocasa.es/venta/local-comercial/alicante/san-vicente-del-raspeig/536143.html
8000,12,Alicante. Los Ángeles - Tómbola - San Nicolás,alicante,Box/plaza de garaje en venta,https://www.tecnocasa.es/venta/boxplaza-de-garaje/alicante/alicante/542924.html
125000,121,Alicante. Los Ángeles - Tómbola - San Nicolás,alicante,Piso en venta,https://www.tecnocasa.es/venta/piso/alicante/alicante/481995.html
129000,83,Elche-Elx,alicante,Piso en venta,https://www.tecnocasa.es/venta/piso/alicante/elche-elx/542925.html
330000,250,San Vicente Del Raspeig,alicante,Casa en venta,https://www.tecnocasa.es/venta/casa/alicante/san-vicente-del-raspeig/533224.html
285000,283,Alicante. Campoamor - Carolinas - Altozano,alicante,Local comercial en venta,https://www.tecnocasa.es/venta/local-comercial/alicante/alicante/542575.html
117000,120,Alicante. Campoamor - Carolinas - Altozano,alicante,Piso en venta,https://www.tecnocasa.es/venta/piso/alicante/alicante/524048.html
265000,150,Alicante. Benalúa - La Florida - Babel - San Gabriel,alicante,Piso en venta,https://www.tecnocasa.es/venta/piso/alicante/alicante/526221.html
67000,70,Alicante. Campoamor - Carolinas - Altozano,alicante,Local comercial en venta,https://www.tecnocasa.es/venta/local-comercial/alicante/alicante/542248.html
84900,55,Alicante. Campoamor - Carolinas - Altozano,alicante,Piso en venta,https://www.tecnocasa.es/venta/piso/alicante/alicante/535186.html
33630,58,Alicante. Campoamor - Carolinas - Altozano,alicante,Local comercial en venta,https://www.tecnocasa.es/venta/local-comercial/alicante/alicante/536693.html
80000,66,Alicante. Campoamor - Carolinas - Altozano,alicante,Piso en venta,https://www.tecnocasa.es/venta/piso/alicante/alicante/536864.html
99900,75,Alicante. Campoamor - Carolinas - Altozano,alicante,Piso en venta,https://www.tecnocasa.es/venta/piso/alicante/alicante/540202.html
85000,116,Alicante. Virgen Del Remedio - Juan Xxiii,alicante,Piso en venta,https://www.tecnocasa.es/venta/piso/alicante/alicante/488369.html
300000,407,San Vicente Del Raspeig,alicante,Local comercial en venta,https://www.tecnocasa.es/venta/local-comercial/alicante/san-vicente-del-raspeig/369883.html
185000,75,Alicante. Playa De San Juan - El Cabo,alicante,Casa en venta,https://www.tecnocasa.es/venta/casa/alicante/alicante/537094.html
132000,166,Alicante. Los Ángeles - Tómbola - San Nicolás,alicante,Piso en venta,https://www.tecnocasa.es/venta/piso/alicante/alicante/538970.html
8500,23,Alicante. Parque Avenidas - Vistahermosa,alicante,Box/plaza de garaje en venta,https://www.tecnocasa.es/venta/boxplaza-de-garaje/alicante/alicante/492728.html
60000,95,Alicante. Campoamor - Carolinas - Altozano,alicante,Piso en venta,https://www.tecnocasa.es/venta/piso/alicante/alicante/531316.html
175000,157,Alicante. Benalúa - La Florida - Babel - San Gabriel,alicante,Piso en venta,https://www.tecnocasa.es/venta/piso/alicante/alicante/537383.html
97000,205,Alicante. Benalúa - La Florida - Babel - San Gabriel,alicante,Local comercial en venta,https://www.tecnocasa.es/venta/local-comercial/alicante/alicante/540215.html
12500,16,San Vicente Del Raspeig,alicante,Box/plaza de garaje en venta,https://www.tecnocasa.es/venta/boxplaza-de-garaje/alicante/san-vicente-del-raspeig/541696.html
79900,94,San Vicente Del Raspeig,alicante,Piso en venta,https://www.tecnocasa.es/venta/piso/alicante/san-vicente-del-raspeig/533040.html
16900,31,San Vicente Del Raspeig,alicante,Box/plaza de garaje en venta,https://www.tecnocasa.es/venta/boxplaza-de-garaje/alicante/san-vicente-del-raspeig/540752.html
99000,81,Alicante. Plà Del Bon Repòs - La Goleta - San Antón,alicante,Piso en venta,https://www.tecnocasa.es/venta/piso/alicante/alicante/532972.html
72260,105,Alicante. Plà Del Bon Repòs - La Goleta - San Antón,alicante,Local comercial en venta,https://www.tecnocasa.es/venta/local-comercial/alicante/alicante/535472.html
45000,107,Alicante. Los Ángeles - Tómbola - San Nicolás,alicante,Local comercial en venta,https://www.tecnocasa.es/venta/local-comercial/alicante/alicante/536557.html
89000,102,Alicante. Campoamor - Carolinas - Altozano,alicante,Piso en venta,https://www.tecnocasa.es/venta/piso/alicante/alicante/539824.html
114900,110,San Vicente Del Raspeig,alicante,Piso en venta,https://www.tecnocasa.es/venta/piso/alicante/san-vicente-del-raspeig/528226.html
8000,18,Alicante. Plà Del Bon Repòs - La Goleta - San Antón,alicante,Box/plaza de garaje en venta,https://www.tecnocasa.es/venta/boxplaza-de-garaje/alicante/alicante/533236.html
100000,100,Alicante. Campoamor - Carolinas - Altozano,alicante,Local comercial en venta,https://www.tecnocasa.es/venta/local-comercial/alicante/alicante/512071.html
67000,107,Monforte Del Cid,alicante,Piso en venta,https://www.tecnocasa.es/venta/piso/alicante/monforte-del-cid/539040.html
71000,91,Alicante. Los Ángeles - Tómbola - San Nicolás,alicante,Piso en venta,https://www.tecnocasa.es/venta/piso/alicante/alicante/352865.html
9900,10,Alicante. Benalúa - La Florida - Babel - San Gabriel,alicante,Box/plaza de garaje en venta,https://www.tecnocasa.es/venta/boxplaza-de-garaje/alicante/alicante/503083.html
50000,62,Alicante. Campoamor - Carolinas - Altozano,alicante,Local comercial en venta,https://www.tecnocasa.es/venta/local-comercial/alicante/alicante/525882.html
193000,142,Alicante. Los Ángeles - Tómbola - San Nicolás,alicante,Casa en venta,https://www.tecnocasa.es/venta/casa/alicante/alicante/530559.html
60000,75,Alicante. Campoamor - Carolinas - Altozano,alicante,Local comercial en venta,https://www.tecnocasa.es/venta/local-comercial/alicante/alicante/537901.html
9300,11,Alicante. Benalúa - La Florida - Babel - San Gabriel,alicante,Box/plaza de garaje en venta,https://www.tecnocasa.es/venta/boxplaza-de-garaje/alicante/alicante/502349.html
107200,170,Alicante. San Blas - Pau,alicante,Local comercial en venta,https://www.tecnocasa.es/venta/local-comercial/alicante/alicante/533895.html
60000,64,Alicante. Plà Del Bon Repòs - La Goleta - San Antón,alicante,Local comercial en venta,https://www.tecnocasa.es/venta/local-comercial/alicante/alicante/531919.html
107500,57,Alicante. Campoamor - Carolinas - Altozano,alicante,Piso en venta,https://www.tecnocasa.es/venta/piso/alicante/alicante/537066.html
67500,130,Alicante. Los Ángeles - Tómbola - San Nicolás,alicante,Local comercial en venta,https://www.tecnocasa.es/venta/local-comercial/alicante/alicante/528546.html
117000,126,Alicante. Plà Del Bon Repòs - La Goleta - San Antón,alicante,Piso en venta,https://www.tecnocasa.es/venta/piso/alicante/alicante/528599.html
199900,6124,Alicante. Centro,alicante,Casa rural en venta,https://www.tecnocasa.es/venta/casa-rural/alicante/alicante/534008.html
249900,175,Alicante. Centro,alicante,Local comercial en venta,https://www.tecnocasa.es/venta/local-comercial/alicante/alicante/533411.html
28500,26,Alicante. Centro,alicante,Box/plaza de garaje en venta,https://www.tecnocasa.es/venta/boxplaza-de-garaje/alicante/alicante/501794.html
139900,132,Alicante. Centro,alicante,Piso en venta,https://www.tecnocasa.es/venta/piso/alicante/alicante/506552.html
84000,85,Alicante. Campoamor - Carolinas - Altozano,alicante,Piso en venta,https://www.tecnocasa.es/venta/piso/alicante/alicante/535437.html
97300,83,Alicante. Campoamor - Carolinas - Altozano,alicante,Piso en venta,https://www.tecnocasa.es/venta/piso/alicante/alicante/526586.html
200000,178,Alicante. Campoamor - Carolinas - Altozano,alicante,Piso en venta,https://www.tecnocasa.es/venta/piso/alicante/alicante/504287.html
85000,113,Alicante. Campoamor - Carolinas - Altozano,alicante,Piso en venta,https://www.tecnocasa.es/venta/piso/alicante/alicante/523117.html
97000,94,Alicante. Campoamor - Carolinas - Altozano,alicante,Casa en venta,https://www.tecnocasa.es/venta/casa/alicante/alicante/522138.html
260000,273,Alicante. Los Ángeles - Tómbola - San Nicolás,alicante,Casa en venta,https://www.tecnocasa.es/venta/casa/alicante/alicante/491626.html
10000,16,Alicante. Campoamor - Carolinas - Altozano,alicante,Box/plaza de garaje en venta,https://www.tecnocasa.es/venta/boxplaza-de-garaje/alicante/alicante/527324.html
76000,1700,Alicante. Los Ángeles - Tómbola - San Nicolás,alicante,Terrenos en venta,https://www.tecnocasa.es/venta/terrenos/alicante/alicante/513545.html
215000,198,Alicante. Benalúa - La Florida - Babel - San Gabriel,alicante,Piso en venta,https://www.tecnocasa.es/venta/piso/alicante/alicante/531311.html
350000,400,Alicante. Benalúa - La Florida - Babel - San Gabriel,alicante,Casa en venta,https://www.tecnocasa.es/venta/casa/alicante/alicante/506407.html
6500,16,San Vicente Del Raspeig,alicante,Box/plaza de garaje en venta,https://www.tecnocasa.es/venta/boxplaza-de-garaje/alicante/san-vicente-del-raspeig/530877.html
241500,123,Alicante. Plà Del Bon Repòs - La Goleta - San Antón,alicante,Local comercial en venta,https://www.tecnocasa.es/venta/local-comercial/alicante/alicante/530310.html
83630,71,Alicante. Campoamor - Carolinas - Altozano,alicante,Piso en venta,https://www.tecnocasa.es/venta/piso/alicante/alicante/527699.html
109900,87,Alicante. Plà Del Bon Repòs - La Goleta - San Antón,alicante,Piso en venta,https://www.tecnocasa.es/venta/piso/alicante/alicante/527268.html
320000,692,San Vicente Del Raspeig,alicante,Casa en venta,https://www.tecnocasa.es/venta/casa/alicante/san-vicente-del-raspeig/508086.html
499000,150,San Vicente Del Raspeig,alicante,Casa en venta,https://www.tecnocasa.es/venta/casa/alicante/san-vicente-del-raspeig/498923.html
138000,188,Níjar,almería,Casa rural en venta,https://www.tecnocasa.es/venta/casa-rural/almeria/nijar/532392.html
124800,323,El Ejido,almería,Casa en venta,https://www.tecnocasa.es/venta/casa/almeria/el-ejido/542193.html
44900,88,Berja,almería,Casa rural en venta,https://www.tecnocasa.es/venta/casa-rural/almeria/berja/528789.html
89900,92,Adra,almería,Casa en venta,https://www.tecnocasa.es/venta/casa/almeria/adra/546501.html
65000,196,Berja,almería,Casa en venta,https://www.tecnocasa.es/venta/casa/almeria/berja/541136.html
66000,103,Berja,almería,Casa en venta,https://www.tecnocasa.es/venta/casa/almeria/berja/537105.html
70000,100,Berja,almería,Casa en venta,https://www.tecnocasa.es/venta/casa/almeria/berja/528682.html
197000,237,Dalías,almería,Casa en venta,https://www.tecnocasa.es/venta/casa/almeria/dalias/545291.html
29000,250,Berja,almería,Casa en venta,https://www.tecnocasa.es/venta/casa/almeria/berja/545076.html
39900,60,Berja,almería,Casa en venta,https://www.tecnocasa.es/venta/casa/almeria/berja/544365.html
69900,80,El Ejido,almería,Piso en venta,https://www.tecnocasa.es/venta/piso/almeria/el-ejido/540746.html
69900,113,El Ejido,almería,Piso en venta,https://www.tecnocasa.es/venta/piso/almeria/el-ejido/543814.html
74900,132,El Ejido,almería,Piso en venta,https://www.tecnocasa.es/venta/piso/almeria/el-ejido/535298.html
74900,123,El Ejido,almería,Piso en venta,https://www.tecnocasa.es/venta/piso/almeria/el-ejido/543060.html
74900,100,El Ejido,almería,Piso en venta,https://www.tecnocasa.es/venta/piso/almeria/el-ejido/538960.html
77000,117,El Ejido,almería,Piso en venta,https://www.tecnocasa.es/venta/piso/almeria/el-ejido/539246.html
89900,144,El Ejido,almería,Piso en venta,https://www.tecnocasa.es/venta/piso/almeria/el-ejido/540846.html
299900,237,El Ejido,almería,Casa en venta,https://www.tecnocasa.es/venta/casa/almeria/el-ejido/543665.html
149900,119,Roquetas De Mar - Aguadulce. Roquetas De Mar,almería,Piso en venta,https://www.tecnocasa.es/venta/piso/almeria/roquetas-de-mar--aguadulce/529074.html
94900,175,Berja,almería,Casa rural en venta,https://www.tecnocasa.es/venta/casa-rural/almeria/berja/545463.html
137000,3385,Berja,almería,Casa rural en venta,https://www.tecnocasa.es/venta/casa-rural/almeria/berja/529881.html
125900,117,Mojácar,almería,Piso en venta,https://www.tecnocasa.es/venta/piso/almeria/mojacar/546420.html
25000,86,Berja,almería,Casa en venta,https://www.tecnocasa.es/venta/casa/almeria/berja/545046.html
59900,105,El Ejido,almería,Local comercial en venta,https://www.tecnocasa.es/venta/local-comercial/almeria/el-ejido/542900.html
159900,2022,Dalías,almería,Terrenos en venta,https://www.tecnocasa.es/venta/terrenos/almeria/dalias/539703.html
134900,114,Berja,almería,Casa en venta,https://www.tecnocasa.es/venta/casa/almeria/berja/535921.html
74900,120,Rioja,almería,Casa en venta,https://www.tecnocasa.es/venta/casa/almeria/rioja/541241.html
62000,62,Turre,almería,Local comercial en venta,https://www.tecnocasa.es/venta/local-comercial/almeria/turre/543694.html
90000,84,Garrucha,almería,Casa en venta,https://www.tecnocasa.es/venta/casa/almeria/garrucha/546353.html
59000,70,Almería,almería,Piso en venta,https://www.tecnocasa.es/venta/piso/almeria/almeria/546319.html
99000,124,Almería,almería,Casa en venta,https://www.tecnocasa.es/venta/casa/almeria/almeria/546461.html
95000,88,Almería,almería,Piso en venta,https://www.tecnocasa.es/venta/piso/almeria/almeria/545978.html
69990,96,Almería,almería,Casa en venta,https://www.tecnocasa.es/venta/casa/almeria/almeria/545976.html
129900,230,Berja,almería,Casa en venta,https://www.tecnocasa.es/venta/casa/almeria/berja/542581.html
40000,200,Cuevas Del Almanzora,almería,Casa rural en venta,https://www.tecnocasa.es/venta/casa-rural/almeria/cuevas-del-almanzora/534928.html
18000,141,Cuevas Del Almanzora,almería,Casa en venta,https://www.tecnocasa.es/venta/casa/almeria/cuevas-del-almanzora/530698.html
252000,88,Cuevas Del Almanzora,almería,Piso en venta,https://www.tecnocasa.es/venta/piso/almeria/cuevas-del-almanzora/530616.html
170000,149,Pulpí,almería,Casa en venta,https://www.tecnocasa.es/venta/casa/almeria/pulpi/543433.html
121950,145,Cuevas Del Almanzora,almería,Casa en venta,https://www.tecnocasa.es/venta/casa/almeria/cuevas-del-almanzora/531693.html
114500,121,Cuevas Del Almanzora,almería,Casa en venta,https://www.tecnocasa.es/venta/casa/almeria/cuevas-del-almanzora/533755.html
105000,109,Cuevas Del Almanzora,almería,Piso en venta,https://www.tecnocasa.es/venta/piso/almeria/cuevas-del-almanzora/530724.html
100000,105,Cuevas Del Almanzora,almería,Piso en venta,https://www.tecnocasa.es/venta/piso/almeria/cuevas-del-almanzora/531062.html
99900,80,Cuevas Del Almanzora,almería,Piso en venta,https://www.tecnocasa.es/venta/piso/almeria/cuevas-del-almanzora/530266.html
93000,110,Cuevas Del Almanzora,almería,Casa en venta,https://www.tecnocasa.es/venta/casa/almeria/cuevas-del-almanzora/531766.html
96000,112,Cuevas Del Almanzora,almería,Casa en venta,https://www.tecnocasa.es/venta/casa/almeria/cuevas-del-almanzora/544723.html
80000,91,Pulpí,almería,Piso en venta,https://www.tecnocasa.es/venta/piso/almeria/pulpi/539471.html
79000,107,Pulpí,almería,Piso en venta,https://www.tecnocasa.es/venta/piso/almeria/pulpi/540578.html
80000,20000,Cuevas Del Almanzora,almería,Terrenos en venta,https://www.tecnocasa.es/venta/terrenos/almeria/cuevas-del-almanzora/536154.html
90000,140,Cuevas Del Almanzora,almería,Casa en venta,https://www.tecnocasa.es/venta/casa/almeria/cuevas-del-almanzora/531077.html
90000,140,Cuevas Del Almanzora,almería,Casa en venta,https://www.tecnocasa.es/venta/casa/almeria/cuevas-del-almanzora/534676.html
89900,171,Cuevas Del Almanzora,almería,Casa en venta,https://www.tecnocasa.es/venta/casa/almeria/cuevas-del-almanzora/543561.html
78000,137,Cuevas Del Almanzora,almería,Piso en venta,https://www.tecnocasa.es/venta/piso/almeria/cuevas-del-almanzora/536067.html
76000,91,Cuevas Del Almanzora,almería,Casa en venta,https://www.tecnocasa.es/venta/casa/almeria/cuevas-del-almanzora/531145.html
75000,84,Cuevas Del Almanzora,almería,Piso en venta,https://www.tecnocasa.es/venta/piso/almeria/cuevas-del-almanzora/530203.html
74900,109,Cuevas Del Almanzora,almería,Piso en venta,https://www.tecnocasa.es/venta/piso/almeria/cuevas-del-almanzora/530537.html
73500,211,Cuevas Del Almanzora,almería,Casa en venta,https://www.tecnocasa.es/venta/casa/almeria/cuevas-del-almanzora/530885.html
72000,68,Cuevas Del Almanzora,almería,Piso en venta,https://www.tecnocasa.es/venta/piso/almeria/cuevas-del-almanzora/533766.html
73000,123,Cuevas Del Almanzora,almería,Piso en venta,https://www.tecnocasa.es/venta/piso/almeria/cuevas-del-almanzora/533214.html
65000,45,Cuevas Del Almanzora,almería,Piso en venta,https://www.tecnocasa.es/venta/piso/almeria/cuevas-del-almanzora/530115.html
70000,103,Cuevas Del Almanzora,almería,Piso en venta,https://www.tecnocasa.es/venta/piso/almeria/cuevas-del-almanzora/537160.html
64900,92,Cuevas Del Almanzora,almería,Piso en venta,https://www.tecnocasa.es/venta/piso/almeria/cuevas-del-almanzora/530421.html
65000,148,Cuevas Del Almanzora,almería,Terrenos en venta,https://www.tecnocasa.es/venta/terrenos/almeria/cuevas-del-almanzora/535834.html
46000,220,Cuevas Del Almanzora,almería,Casa rural en venta,https://www.tecnocasa.es/venta/casa-rural/almeria/cuevas-del-almanzora/533396.html
46000,82,Cuevas Del Almanzora,almería,Piso en venta,https://www.tecnocasa.es/venta/piso/almeria/cuevas-del-almanzora/531412.html
45000,90,Cuevas Del Almanzora,almería,Casa en venta,https://www.tecnocasa.es/venta/casa/almeria/cuevas-del-almanzora/534259.html
57000,1700,Cuevas Del Almanzora,almería,Terrenos en venta,https://www.tecnocasa.es/venta/terrenos/almeria/cuevas-del-almanzora/531658.html
50000,225,Cuevas Del Almanzora,almería,Casa rural en venta,https://www.tecnocasa.es/venta/casa-rural/almeria/cuevas-del-almanzora/535015.html
45000,621,Cuevas Del Almanzora,almería,Terrenos en venta,https://www.tecnocasa.es/venta/terrenos/almeria/cuevas-del-almanzora/535547.html
35000,64,Cuevas Del Almanzora,almería,Casa en venta,https://www.tecnocasa.es/venta/casa/almeria/cuevas-del-almanzora/530760.html
20000,60,Cuevas Del Almanzora,almería,Casa en venta,https://www.tecnocasa.es/venta/casa/almeria/cuevas-del-almanzora/530669.html
27000,76,Cuevas Del Almanzora,almería,Casa en venta,https://www.tecnocasa.es/venta/casa/almeria/cuevas-del-almanzora/530761.html
30000,146,Cuevas Del Almanzora,almería,Casa en venta,https://www.tecnocasa.es/venta/casa/almeria/cuevas-del-almanzora/535700.html
139900,300,Cuevas Del Almanzora,almería,Casa en venta,https://www.tecnocasa.es/venta/casa/almeria/cuevas-del-almanzora/530521.html
135000,100,Cuevas Del Almanzora,almería,Casa en venta,https://www.tecnocasa.es/venta/casa/almeria/cuevas-del-almanzora/530253.html
135000,100,Pulpí,almería,Casa en venta,https://www.tecnocasa.es/venta/casa/almeria/pulpi/531540.html
156000,169,Pulpí,almería,Casa en venta,https://www.tecnocasa.es/venta/casa/almeria/pulpi/544943.html
94900,172,Berja,almería,Casa rural en venta,https://www.tecnocasa.es/venta/casa-rural/almeria/berja/534835.html
65000,62,Almería,almería,Piso en venta,https://www.tecnocasa.es/venta/piso/almeria/almeria/546169.html
74900,172,Berja,almería,Casa en venta,https://www.tecnocasa.es/venta/casa/almeria/berja/532505.html
194900,261,Berja,almería,Casa en venta,https://www.tecnocasa.es/venta/casa/almeria/berja/537041.html
146990,100,Almería,almería,Piso en venta,https://www.tecnocasa.es/venta/piso/almeria/almeria/544501.html
229900,331,Roquetas De Mar - Aguadulce. Roquetas De Mar,almería,Edificio en venta,https://www.tecnocasa.es/venta/edificio/almeria/roquetas-de-mar--aguadulce/542165.html
114900,173,El Ejido,almería,Casa en venta,https://www.tecnocasa.es/venta/casa/almeria/el-ejido/533576.html
74900,147,Berja,almería,Casa en venta,https://www.tecnocasa.es/venta/casa/almeria/berja/540984.html
83000,110,Níjar,almería,Casa en venta,https://www.tecnocasa.es/venta/casa/almeria/nijar/545891.html
154900,160,Roquetas De Mar - Aguadulce. Roquetas De Mar,almería,Casa en venta,https://www.tecnocasa.es/venta/casa/almeria/roquetas-de-mar--aguadulce/533583.html
79900,111,El Ejido,almería,Casa en venta,https://www.tecnocasa.es/venta/casa/almeria/el-ejido/543159.html
123500,81,Mojácar,almería,Piso en venta,https://www.tecnocasa.es/venta/piso/almeria/mojacar/533523.html
134300,95,Roquetas De Mar - Aguadulce. Roquetas De Mar,almería,Piso en venta,https://www.tecnocasa.es/venta/piso/almeria/roquetas-de-mar--aguadulce/541283.html
131900,87,Roquetas De Mar - Aguadulce. Roquetas De Mar,almería,Piso en venta,https://www.tecnocasa.es/venta/piso/almeria/roquetas-de-mar--aguadulce/535546.html
259900,143,Almería,almería,Piso en venta,https://www.tecnocasa.es/venta/piso/almeria/almeria/524628.html
89900,72,Almería,almería,Casa en venta,https://www.tecnocasa.es/venta/casa/almeria/almeria/539033.html
15000,118,Alhabia,almería,Casa en venta,https://www.tecnocasa.es/venta/casa/almeria/alhabia/546394.html
92900,95,Huércal De Almería,almería,Piso en venta,https://www.tecnocasa.es/venta/piso/almeria/huercal-de-almeria/538354.html
79900,110,Pechina,almería,Piso en venta,https://www.tecnocasa.es/venta/piso/almeria/pechina/539260.html
13000,24,Almería,almería,Box/plaza de garaje en venta,https://www.tecnocasa.es/venta/boxplaza-de-garaje/almeria/almeria/534848.html
69000,129,Almería,almería,Casa en venta,https://www.tecnocasa.es/venta/casa/almeria/almeria/546125.html
120000,88,Roquetas De Mar - Aguadulce. Aguadulce,almería,Casa en venta,https://www.tecnocasa.es/venta/casa/almeria/roquetas-de-mar--aguadulce/541234.html
79900,123,El Ejido,almería,Piso en venta,https://www.tecnocasa.es/venta/piso/almeria/el-ejido/545837.html
89900,60,Roquetas De Mar - Aguadulce. Aguadulce,almería,Piso en venta,https://www.tecnocasa.es/venta/piso/almeria/roquetas-de-mar--aguadulce/540005.html
110000,85,Almería,almería,Piso en venta,https://www.tecnocasa.es/venta/piso/almeria/almeria/545461.html
115000,100,Almería,almería,Piso en venta,https://www.tecnocasa.es/venta/piso/almeria/almeria/544069.html
199900,125,Roquetas De Mar - Aguadulce. Aguadulce,almería,Casa en venta,https://www.tecnocasa.es/venta/casa/almeria/roquetas-de-mar--aguadulce/511417.html
104900,94,Almería,almería,Piso en venta,https://www.tecnocasa.es/venta/piso/almeria/almeria/541049.html
210000,107,Almería,almería,Piso en venta,https://www.tecnocasa.es/venta/piso/almeria/almeria/544696.html
51500,99,Adra,almería,Piso en venta,https://www.tecnocasa.es/venta/piso/almeria/adra/364064.html
49900,115,La Mojonera,almería,Piso en venta,https://www.tecnocasa.es/venta/piso/almeria/la-mojonera/545320.html
135000,115,Almería,almería,Piso en venta,https://www.tecnocasa.es/venta/piso/almeria/almeria/545062.html
215000,109,Almería,almería,Piso en venta,https://www.tecnocasa.es/venta/piso/almeria/almeria/545007.html
85900,175,Gérgal,almería,Casa en venta,https://www.tecnocasa.es/venta/casa/almeria/gergal/539876.html
199900,125,Almería,almería,Piso en venta,https://www.tecnocasa.es/venta/piso/almeria/almeria/538784.html
161900,96,Roquetas De Mar - Aguadulce. Roquetas De Mar,almería,Piso en venta,https://www.tecnocasa.es/venta/piso/almeria/roquetas-de-mar--aguadulce/534252.html
159500,172,Almería,almería,Piso en venta,https://www.tecnocasa.es/venta/piso/almeria/almeria/532627.html
73000,111,Almería,almería,Piso en venta,https://www.tecnocasa.es/venta/piso/almeria/almeria/532846.html
149900,190,Almería,almería,Casa en venta,https://www.tecnocasa.es/venta/casa/almeria/almeria/541182.html
69990,68,Almería,almería,Piso en venta,https://www.tecnocasa.es/venta/piso/almeria/almeria/541523.html
93000,86,Almería,almería,Piso en venta,https://www.tecnocasa.es/venta/piso/almeria/almeria/544485.html
55000,62,Almería,almería,Piso en venta,https://www.tecnocasa.es/venta/piso/almeria/almeria/545005.html
650000,173,Almería,almería,Ático en venta,https://www.tecnocasa.es/venta/atico/almeria/almeria/545904.html
54900,188,Berja,almería,Piso en venta,https://www.tecnocasa.es/venta/piso/almeria/berja/542164.html
97000,166,Dalías,almería,Casa en venta,https://www.tecnocasa.es/venta/casa/almeria/dalias/545300.html
190000,108,Almería,almería,Piso en venta,https://www.tecnocasa.es/venta/piso/almeria/almeria/545449.html
54900,128,Berja,almería,Casa en venta,https://www.tecnocasa.es/venta/casa/almeria/berja/544620.html
49900,168,Canjáyar,almería,Casa en venta,https://www.tecnocasa.es/venta/casa/almeria/canjayar/545094.html
199900,181,Roquetas De Mar - Aguadulce. Aguadulce,almería,Casa en venta,https://www.tecnocasa.es/venta/casa/almeria/roquetas-de-mar--aguadulce/537324.html
159900,577,Berja,almería,Casa en venta,https://www.tecnocasa.es/venta/casa/almeria/berja/542821.html
230000,167,Almería,almería,Piso en venta,https://www.tecnocasa.es/venta/piso/almeria/almeria/534977.html
44000,55,Tabernas,almería,Piso en venta,https://www.tecnocasa.es/venta/piso/almeria/tabernas/544200.html
69900,12574,Alcolea,almería,Terrenos en venta,https://www.tecnocasa.es/venta/terrenos/almeria/alcolea/531632.html
119900,174,Berja,almería,Casa en venta,https://www.tecnocasa.es/venta/casa/almeria/berja/527185.html
135900,2042,Dalías,almería,Terrenos en venta,https://www.tecnocasa.es/venta/terrenos/almeria/dalias/539715.html
135900,2029,Dalías,almería,Terrenos en venta,https://www.tecnocasa.es/venta/terrenos/almeria/dalias/539720.html
199900,194,Dalías,almería,Casa en venta,https://www.tecnocasa.es/venta/casa/almeria/dalias/534889.html
189900,353,Alcolea,almería,Casa en venta,https://www.tecnocasa.es/venta/casa/almeria/alcolea/516189.html
19900,212,Berja,almería,Casa en venta,https://www.tecnocasa.es/venta/casa/almeria/berja/516819.html
26700,118,Berja,almería,Casa en venta,https://www.tecnocasa.es/venta/casa/almeria/berja/530834.html
28000,142,Berja,almería,Casa en venta,https://www.tecnocasa.es/venta/casa/almeria/berja/525282.html
39900,137,Berja,almería,Casa en venta,https://www.tecnocasa.es/venta/casa/almeria/berja/516806.html
55260,85,Berja,almería,Casa en venta,https://www.tecnocasa.es/venta/casa/almeria/berja/536403.html
179900,431,Berja,almería,Casa en venta,https://www.tecnocasa.es/venta/casa/almeria/berja/523406.html
65000,138,Berja,almería,Casa en venta,https://www.tecnocasa.es/venta/casa/almeria/berja/497632.html
99900,103,Roquetas De Mar - Aguadulce. Aguadulce,almería,Piso en venta,https://www.tecnocasa.es/venta/piso/almeria/roquetas-de-mar--aguadulce/537729.html
59900,119,Balanegra,almería,Casa en venta,https://www.tecnocasa.es/venta/casa/almeria/balanegra/534062.html
75000,90,Huércal De Almería,almería,Piso en venta,https://www.tecnocasa.es/venta/piso/almeria/huercal-de-almeria/545281.html
139900,240,Tabernas,almería,Casa en venta,https://www.tecnocasa.es/venta/casa/almeria/tabernas/538104.html
149900,200,Almería,almería,Casa en venta,https://www.tecnocasa.es/venta/casa/almeria/almeria/539087.html
149000,167,Almería,almería,Casa en venta,https://www.tecnocasa.es/venta/casa/almeria/almeria/546191.html
119900,76,Almería,almería,Piso en venta,https://www.tecnocasa.es/venta/piso/almeria/almeria/543864.html
109900,100,Roquetas De Mar - Aguadulce. Aguadulce,almería,Piso en venta,https://www.tecnocasa.es/venta/piso/almeria/roquetas-de-mar--aguadulce/531816.html
59900,77,El Ejido,almería,Casa en venta,https://www.tecnocasa.es/venta/casa/almeria/el-ejido/535991.html
99900,111,El Ejido,almería,Casa en venta,https://www.tecnocasa.es/venta/casa/almeria/el-ejido/542415.html
90000,136,El Ejido,almería,Casa en venta,https://www.tecnocasa.es/venta/casa/almeria/el-ejido/542406.html
104900,108,Roquetas De Mar - Aguadulce. Roquetas De Mar,almería,Casa en venta,https://www.tecnocasa.es/venta/casa/almeria/roquetas-de-mar--aguadulce/372424.html
39900,115,Berja,almería,Piso en venta,https://www.tecnocasa.es/venta/piso/almeria/berja/514882.html
155000,208,Adra,almería,Casa en venta,https://www.tecnocasa.es/venta/casa/almeria/adra/513477.html
83000,75,Almería,almería,Piso en venta,https://www.tecnocasa.es/venta/piso/almeria/almeria/533664.html
162900,136,Almería,almería,Casa en venta,https://www.tecnocasa.es/venta/casa/almeria/almeria/542020.html
170000,97,Almería,almería,Piso en venta,https://www.tecnocasa.es/venta/piso/almeria/almeria/541079.html
325000,223,Almería,almería,Casa en venta,https://www.tecnocasa.es/venta/casa/almeria/almeria/542579.html
39000,90,Almería,almería,Terrenos en venta,https://www.tecnocasa.es/venta/terrenos/almeria/almeria/542461.html
230000,119,Almería,almería,Ático en venta,https://www.tecnocasa.es/venta/atico/almeria/almeria/537338.html
150000,124,Almería,almería,Piso en venta,https://www.tecnocasa.es/venta/piso/almeria/almeria/541680.html
159900,125,Almería,almería,Casa en venta,https://www.tecnocasa.es/venta/casa/almeria/almeria/544911.html
96000,75,Almería,almería,Piso en venta,https://www.tecnocasa.es/venta/piso/almeria/almeria/543201.html
84900,75,Roquetas De Mar - Aguadulce. Roquetas De Mar,almería,Piso en venta,https://www.tecnocasa.es/venta/piso/almeria/roquetas-de-mar--aguadulce/535564.html
525000,374,El Ejido,almería,Casa en venta,https://www.tecnocasa.es/venta/casa/almeria/el-ejido/545216.html
139000,232,Almería,almería,Casa en venta,https://www.tecnocasa.es/venta/casa/almeria/almeria/542221.html
169900,1300,Níjar,almería,Casa rural en venta,https://www.tecnocasa.es/venta/casa-rural/almeria/nijar/541189.html
99900,112,Adra,almería,Piso en venta,https://www.tecnocasa.es/venta/piso/almeria/adra/529092.html
159900,85,Adra,almería,Ático en venta,https://www.tecnocasa.es/venta/atico/almeria/adra/541450.html
85000,80,Adra,almería,Piso en venta,https://www.tecnocasa.es/venta/piso/almeria/adra/511263.html
89900,116,Níjar,almería,Casa en venta,https://www.tecnocasa.es/venta/casa/almeria/nijar/545893.html
179900,121,Roquetas De Mar - Aguadulce. Aguadulce,almería,Casa en venta,https://www.tecnocasa.es/venta/casa/almeria/roquetas-de-mar--aguadulce/542340.html
110000,128,Roquetas De Mar - Aguadulce. Aguadulce,almería,Piso en venta,https://www.tecnocasa.es/venta/piso/almeria/roquetas-de-mar--aguadulce/542518.html
122900,78,Roquetas De Mar - Aguadulce. Aguadulce,almería,Piso en venta,https://www.tecnocasa.es/venta/piso/almeria/roquetas-de-mar--aguadulce/541033.html
124900,150,Roquetas De Mar - Aguadulce. Aguadulce,almería,Piso en venta,https://www.tecnocasa.es/venta/piso/almeria/roquetas-de-mar--aguadulce/525964.html
99900,87,Roquetas De Mar - Aguadulce. Aguadulce,almería,Piso en venta,https://www.tecnocasa.es/venta/piso/almeria/roquetas-de-mar--aguadulce/542705.html
54900,78,Roquetas De Mar - Aguadulce. Roquetas De Mar,almería,Piso en venta,https://www.tecnocasa.es/venta/piso/almeria/roquetas-de-mar--aguadulce/543023.html
149000,103,Níjar,almería,Casa rural en venta,https://www.tecnocasa.es/venta/casa-rural/almeria/nijar/544905.html
148500,91,Mojácar,almería,Piso en venta,https://www.tecnocasa.es/venta/piso/almeria/mojacar/545706.html
136900,92,Almería,almería,Piso en venta,https://www.tecnocasa.es/venta/piso/almeria/almeria/544642.html
85000,76,Almería,almería,Piso en venta,https://www.tecnocasa.es/venta/piso/almeria/almeria/545398.html
135000,45,Almería,almería,Piso en venta,https://www.tecnocasa.es/venta/piso/almeria/almeria/543879.html
119900,101,Roquetas De Mar - Aguadulce. Aguadulce,almería,Casa en venta,https://www.tecnocasa.es/venta/casa/almeria/roquetas-de-mar--aguadulce/545655.html
84900,78,Roquetas De Mar - Aguadulce. Roquetas De Mar,almería,Piso en venta,https://www.tecnocasa.es/venta/piso/almeria/roquetas-de-mar--aguadulce/530430.html
28000,21,Almería,almería,Box/plaza de garaje en venta,https://www.tecnocasa.es/venta/boxplaza-de-garaje/almeria/almeria/540013.html
105000,202,El Ejido,almería,Casa en venta,https://www.tecnocasa.es/venta/casa/almeria/el-ejido/533043.html
229000,263,Almería,almería,Casa en venta,https://www.tecnocasa.es/venta/casa/almeria/almeria/538953.html
77500,127,El Ejido,almería,Piso en venta,https://www.tecnocasa.es/venta/piso/almeria/el-ejido/545613.html
109000,77,Almería,almería,Piso en venta,https://www.tecnocasa.es/venta/piso/almeria/almeria/545333.html
120000,82,Almería,almería,Piso en venta,https://www.tecnocasa.es/venta/piso/almeria/almeria/545538.html
51000,258,El Ejido,almería,Casa rural en venta,https://www.tecnocasa.es/venta/casa-rural/almeria/el-ejido/537031.html
299000,106,Níjar,almería,Casa en venta,https://www.tecnocasa.es/venta/casa/almeria/nijar/504913.html
165000,115,Almería,almería,Piso en venta,https://www.tecnocasa.es/venta/piso/almeria/almeria/540169.html
49900,269,Bédar,almería,Casa rural en venta,https://www.tecnocasa.es/venta/casa-rural/almeria/bedar/540460.html
149900,165,Roquetas De Mar - Aguadulce. Roquetas De Mar,almería,Casa en venta,https://www.tecnocasa.es/venta/casa/almeria/roquetas-de-mar--aguadulce/512005.html
79900,89,Almería,almería,Casa en venta,https://www.tecnocasa.es/venta/casa/almeria/almeria/536410.html
79000,108,Almería,almería,Piso en venta,https://www.tecnocasa.es/venta/piso/almeria/almeria/545091.html
138000,117,El Ejido,almería,Piso en venta,https://www.tecnocasa.es/venta/piso/almeria/el-ejido/539022.html
260000,238,Garrucha,almería,Casa en venta,https://www.tecnocasa.es/venta/casa/almeria/garrucha/545010.html
105900,149,La Mojonera,almería,Casa en venta,https://www.tecnocasa.es/venta/casa/almeria/la-mojonera/544923.html
129900,282,Los Gallardos,almería,Casa en venta,https://www.tecnocasa.es/venta/casa/almeria/los-gallardos/543267.html
24900,180,Canjáyar,almería,Casa en venta,https://www.tecnocasa.es/venta/casa/almeria/canjayar/537095.html
109000,150,Vera,almería,Piso en venta,https://www.tecnocasa.es/venta/piso/almeria/vera/537663.html
99999,106,Garrucha,almería,Piso en venta,https://www.tecnocasa.es/venta/piso/almeria/garrucha/544583.html
65000,72,Garrucha,almería,Casa en venta,https://www.tecnocasa.es/venta/casa/almeria/garrucha/544796.html
55000,87,Vera,almería,Piso en venta,https://www.tecnocasa.es/venta/piso/almeria/vera/539527.html
94900,112,El Ejido,almería,Casa en venta,https://www.tecnocasa.es/venta/casa/almeria/el-ejido/544995.html
69900,159,El Ejido,almería,Piso en venta,https://www.tecnocasa.es/venta/piso/almeria/el-ejido/542860.html
69900,159,El Ejido,almería,Piso en venta,https://www.tecnocasa.es/venta/piso/almeria/el-ejido/542854.html
169000,106,Roquetas De Mar - Aguadulce. Roquetas De Mar,almería,Piso en venta,https://www.tecnocasa.es/venta/piso/almeria/roquetas-de-mar--aguadulce/528370.html
79900,89,Roquetas De Mar - Aguadulce. Roquetas De Mar,almería,Piso en venta,https://www.tecnocasa.es/venta/piso/almeria/roquetas-de-mar--aguadulce/539598.html
119900,105,Huércal De Almería,almería,Piso en venta,https://www.tecnocasa.es/venta/piso/almeria/huercal-de-almeria/543479.html
165000,132,Roquetas De Mar - Aguadulce. Aguadulce,almería,Piso en venta,https://www.tecnocasa.es/venta/piso/almeria/roquetas-de-mar--aguadulce/541916.html
144900,200,Benahadux,almería,Casa en venta,https://www.tecnocasa.es/venta/casa/almeria/benahadux/544876.html
74900,141,Dalías,almería,Casa en venta,https://www.tecnocasa.es/venta/casa/almeria/dalias/532502.html
54900,75,Dalías,almería,Piso en venta,https://www.tecnocasa.es/venta/piso/almeria/dalias/541343.html
69900,170,Berja,almería,Piso en venta,https://www.tecnocasa.es/venta/piso/almeria/berja/542160.html
129900,128,Berja,almería,Casa en venta,https://www.tecnocasa.es/venta/casa/almeria/berja/541667.html
119900,139,Berja,almería,Casa en venta,https://www.tecnocasa.es/venta/casa/almeria/berja/543187.html
49900,170,Berja,almería,Casa en venta,https://www.tecnocasa.es/venta/casa/almeria/berja/536961.html
64999,59,Almería,almería,Piso en venta,https://www.tecnocasa.es/venta/piso/almeria/almeria/541069.html
54900,88,Berja,almería,Terrenos en venta,https://www.tecnocasa.es/venta/terrenos/almeria/berja/540716.html
530000,512,Bédar,almería,Casa rural en venta,https://www.tecnocasa.es/venta/casa-rural/almeria/bedar/544584.html
315000,140,Mojácar,almería,Casa en venta,https://www.tecnocasa.es/venta/casa/almeria/mojacar/544034.html
119900,90,Roquetas De Mar - Aguadulce. Roquetas De Mar,almería,Piso en venta,https://www.tecnocasa.es/venta/piso/almeria/roquetas-de-mar--aguadulce/544956.html
24000,150,Rioja,almería,Casa en venta,https://www.tecnocasa.es/venta/casa/almeria/rioja/539259.html
94900,105,Roquetas De Mar - Aguadulce. Roquetas De Mar,almería,Piso en venta,https://www.tecnocasa.es/venta/piso/almeria/roquetas-de-mar--aguadulce/544946.html
129900,112,Roquetas De Mar - Aguadulce. Roquetas De Mar,almería,Piso en venta,https://www.tecnocasa.es/venta/piso/almeria/roquetas-de-mar--aguadulce/534265.html
124900,67,Almería,almería,Piso en venta,https://www.tecnocasa.es/venta/piso/almeria/almeria/527361.html
65000,73,Roquetas De Mar - Aguadulce. Roquetas De Mar,almería,Casa en venta,https://www.tecnocasa.es/venta/casa/almeria/roquetas-de-mar--aguadulce/520044.html
115900,160,Roquetas De Mar - Aguadulce. Roquetas De Mar,almería,Casa en venta,https://www.tecnocasa.es/venta/casa/almeria/roquetas-de-mar--aguadulce/542249.html
275000,230,Almería,almería,Casa en venta,https://www.tecnocasa.es/venta/casa/almeria/almeria/539731.html
92900,76,Roquetas De Mar - Aguadulce. Roquetas De Mar,almería,Ático en venta,https://www.tecnocasa.es/venta/atico/almeria/roquetas-de-mar--aguadulce/539846.html
64900,36,Roquetas De Mar - Aguadulce. Roquetas De Mar,almería,Piso en venta,https://www.tecnocasa.es/venta/piso/almeria/roquetas-de-mar--aguadulce/539880.html
94900,117,Roquetas De Mar - Aguadulce. Roquetas De Mar,almería,Piso en venta,https://www.tecnocasa.es/venta/piso/almeria/roquetas-de-mar--aguadulce/516672.html
54900,174,El Ejido,almería,Local comercial en venta,https://www.tecnocasa.es/venta/local-comercial/almeria/el-ejido/542903.html
69900,147,El Ejido,almería,Piso en venta,https://www.tecnocasa.es/venta/piso/almeria/el-ejido/540606.html
95000,115,Adra,almería,Piso en venta,https://www.tecnocasa.es/venta/piso/almeria/adra/539524.html
225000,225,El Ejido,almería,Casa en venta,https://www.tecnocasa.es/venta/casa/almeria/el-ejido/537946.html
94900,120,La Mojonera,almería,Casa en venta,https://www.tecnocasa.es/venta/casa/almeria/la-mojonera/538028.html
88900,135,Roquetas De Mar - Aguadulce. Roquetas De Mar,almería,Piso en venta,https://www.tecnocasa.es/venta/piso/almeria/roquetas-de-mar--aguadulce/538011.html
134900,274,La Mojonera,almería,Casa en venta,https://www.tecnocasa.es/venta/casa/almeria/la-mojonera/540418.html
84900,128,Roquetas De Mar - Aguadulce. Roquetas De Mar,almería,Piso en venta,https://www.tecnocasa.es/venta/piso/almeria/roquetas-de-mar--aguadulce/522933.html
159990,138,Almería,almería,Casa en venta,https://www.tecnocasa.es/venta/casa/almeria/almeria/544740.html
110000,111,Roquetas De Mar - Aguadulce. Roquetas De Mar,almería,Piso en venta,https://www.tecnocasa.es/venta/piso/almeria/roquetas-de-mar--aguadulce/531732.html
69900,97,Roquetas De Mar - Aguadulce. Roquetas De Mar,almería,Piso en venta,https://www.tecnocasa.es/venta/piso/almeria/roquetas-de-mar--aguadulce/519216.html
84900,90,Roquetas De Mar - Aguadulce. Aguadulce,almería,Piso en venta,https://www.tecnocasa.es/venta/piso/almeria/roquetas-de-mar--aguadulce/501416.html
160000,132,Roquetas De Mar - Aguadulce. Aguadulce,almería,Piso en venta,https://www.tecnocasa.es/venta/piso/almeria/roquetas-de-mar--aguadulce/531701.html
69900,80,El Ejido,almería,Casa en venta,https://www.tecnocasa.es/venta/casa/almeria/el-ejido/544140.html
165000,77,Almería,almería,Piso en venta,https://www.tecnocasa.es/venta/piso/almeria/almeria/536131.html
49900,88,Berja,almería,Piso en venta,https://www.tecnocasa.es/venta/piso/almeria/berja/542162.html
44900,88,Berja,almería,Piso en venta,https://www.tecnocasa.es/venta/piso/almeria/berja/542161.html
54900,122,El Ejido,almería,Piso en venta,https://www.tecnocasa.es/venta/piso/almeria/el-ejido/542732.html
34900,163,Huércal De Almería,almería,Casa en venta,https://www.tecnocasa.es/venta/casa/almeria/huercal-de-almeria/540832.html
71900,101,Viator,almería,Piso en venta,https://www.tecnocasa.es/venta/piso/almeria/viator/524954.html
92000,200,Roquetas De Mar - Aguadulce. Roquetas De Mar,almería,Casa en venta,https://www.tecnocasa.es/venta/casa/almeria/roquetas-de-mar--aguadulce/539094.html
89900,150,El Ejido,almería,Piso en venta,https://www.tecnocasa.es/venta/piso/almeria/el-ejido/543256.html
134900,129,Balanegra,almería,Casa en venta,https://www.tecnocasa.es/venta/casa/almeria/balanegra/534572.html
109900,64,Roquetas De Mar - Aguadulce. Aguadulce,almería,Piso en venta,https://www.tecnocasa.es/venta/piso/almeria/roquetas-de-mar--aguadulce/531583.html
54900,90,Gádor,almería,Piso en venta,https://www.tecnocasa.es/venta/piso/almeria/gador/541972.html
84900,292,Sorbas,almería,Casa rural en venta,https://www.tecnocasa.es/venta/casa-rural/almeria/sorbas/543502.html
44900,94,Gádor,almería,Piso en venta,https://www.tecnocasa.es/venta/piso/almeria/gador/544362.html
159900,286,La Mojonera,almería,Casa en venta,https://www.tecnocasa.es/venta/casa/almeria/la-mojonera/542533.html
52900,59,Roquetas De Mar - Aguadulce. Roquetas De Mar,almería,Piso en venta,https://www.tecnocasa.es/venta/piso/almeria/roquetas-de-mar--aguadulce/542490.html
139900,166,El Ejido,almería,Piso en venta,https://www.tecnocasa.es/venta/piso/almeria/el-ejido/371162.html
87000,120,El Ejido,almería,Ático en venta,https://www.tecnocasa.es/venta/atico/almeria/el-ejido/526456.html
64900,83,El Ejido,almería,Piso en venta,https://www.tecnocasa.es/venta/piso/almeria/el-ejido/544124.html
134900,154,El Ejido,almería,Casa en venta,https://www.tecnocasa.es/venta/casa/almeria/el-ejido/534509.html
419900,289,Roquetas De Mar - Aguadulce. Roquetas De Mar,almería,Casa en venta,https://www.tecnocasa.es/venta/casa/almeria/roquetas-de-mar--aguadulce/534930.html
62000,32,Roquetas De Mar - Aguadulce. Roquetas De Mar,almería,Piso en venta,https://www.tecnocasa.es/venta/piso/almeria/roquetas-de-mar--aguadulce/534954.html
99900,120,Roquetas De Mar - Aguadulce. Roquetas De Mar,almería,Piso en venta,https://www.tecnocasa.es/venta/piso/almeria/roquetas-de-mar--aguadulce/539511.html
40000,108,Almería,almería,Piso en venta,https://www.tecnocasa.es/venta/piso/almeria/almeria/544236.html
54999,108,Almería,almería,Piso en venta,https://www.tecnocasa.es/venta/piso/almeria/almeria/544239.html
85000,127,Garrucha,almería,Piso en venta,https://www.tecnocasa.es/venta/piso/almeria/garrucha/541066.html
139900,271,La Mojonera,almería,Casa en venta,https://www.tecnocasa.es/venta/casa/almeria/la-mojonera/535411.html
81000,125,El Ejido,almería,Piso en venta,https://www.tecnocasa.es/venta/piso/almeria/el-ejido/543405.html
129900,129,Antas,almería,Casa en venta,https://www.tecnocasa.es/venta/casa/almeria/antas/542656.html
46000,237,Antas,almería,Casa rural en venta,https://www.tecnocasa.es/venta/casa-rural/almeria/antas/541573.html
99900,105,Vera,almería,Piso en venta,https://www.tecnocasa.es/venta/piso/almeria/vera/541744.html
105000,68,Vera,almería,Piso en venta,https://www.tecnocasa.es/venta/piso/almeria/vera/540105.html
75900,73,Antas,almería,Piso en venta,https://www.tecnocasa.es/venta/piso/almeria/antas/540945.html
139900,128,Garrucha,almería,Casa en venta,https://www.tecnocasa.es/venta/casa/almeria/garrucha/539678.html
86900,76,Roquetas De Mar - Aguadulce. Roquetas De Mar,almería,Piso en venta,https://www.tecnocasa.es/venta/piso/almeria/roquetas-de-mar--aguadulce/544462.html
58000,72,Adra,almería,Casa en venta,https://www.tecnocasa.es/venta/casa/almeria/adra/544309.html
129900,86,Roquetas De Mar - Aguadulce. Roquetas De Mar,almería,Piso en venta,https://www.tecnocasa.es/venta/piso/almeria/roquetas-de-mar--aguadulce/536933.html
210000,90,Mojácar,almería,Casa en venta,https://www.tecnocasa.es/venta/casa/almeria/mojacar/543349.html
74900,79,Roquetas De Mar - Aguadulce. Aguadulce,almería,Piso en venta,https://www.tecnocasa.es/venta/piso/almeria/roquetas-de-mar--aguadulce/539028.html
215000,158,Almería,almería,Casa en venta,https://www.tecnocasa.es/venta/casa/almeria/almeria/538710.html
29000,121,Adra,almería,Casa en venta,https://www.tecnocasa.es/venta/casa/almeria/adra/525672.html
55000,159,El Ejido,almería,Terrenos en venta,https://www.tecnocasa.es/venta/terrenos/almeria/el-ejido/544438.html
19900,198,Dalías,almería,Terrenos en venta,https://www.tecnocasa.es/venta/terrenos/almeria/dalias/499260.html
184000,197,El Ejido,almería,Casa en venta,https://www.tecnocasa.es/venta/casa/almeria/el-ejido/543166.html
166900,135,Almería,almería,Piso en venta,https://www.tecnocasa.es/venta/piso/almeria/almeria/536390.html
119900,133,Adra,almería,Piso en venta,https://www.tecnocasa.es/venta/piso/almeria/adra/528579.html
149900,2032,Mojácar,almería,Casa rural en venta,https://www.tecnocasa.es/venta/casa-rural/almeria/mojacar/537733.html
99000,54,Roquetas De Mar - Aguadulce. Aguadulce,almería,Piso en venta,https://www.tecnocasa.es/venta/piso/almeria/roquetas-de-mar--aguadulce/530070.html
29900,96,Roquetas De Mar - Aguadulce. Roquetas De Mar,almería,Terrenos en venta,https://www.tecnocasa.es/venta/terrenos/almeria/roquetas-de-mar--aguadulce/543234.html
100000,180,Níjar,almería,Casa en venta,https://www.tecnocasa.es/venta/casa/almeria/nijar/514388.html
149900,90,Garrucha,almería,Piso en venta,https://www.tecnocasa.es/venta/piso/almeria/garrucha/542033.html
