precio,metraje,lugar,titulo,url
115.000,78,"Valencia, Poblats Marítims",Piso en venta,https://www.tecnocasa.es/venta/piso/valencia/valencia/544975.html
155.000,72,"Valencia, L' Olivereta",Piso en venta,https://www.tecnocasa.es/venta/piso/valencia/valencia/538025.html
81.000,59,"Valencia, Benicalap",Piso en venta,https://www.tecnocasa.es/venta/piso/valencia/valencia/542709.html
11.000,15,"Valencia, Quatre Carreres",Box/plaza de garaje en venta,https://www.tecnocasa.es/venta/boxplaza-de-garaje/valencia/valencia/545127.html
179.000,49,"Valencia, L' Eixample",Piso en venta,https://www.tecnocasa.es/venta/piso/valencia/valencia/544932.html
153.900,106,"Valencia, L' Olivereta",Piso en venta,https://www.tecnocasa.es/venta/piso/valencia/valencia/536939.html
163.000,81,"Valencia, L' Olivereta",Piso en venta,https://www.tecnocasa.es/venta/piso/valencia/valencia/537371.html
43.000,70,"Valencia, L' Olivereta",Local comercial en venta,https://www.tecnocasa.es/venta/local-comercial/valencia/valencia/340025.html
145.000,92,"Valencia, L' Olivereta",Piso en venta,https://www.tecnocasa.es/venta/piso/valencia/valencia/515057.html
289.000,129,"Valencia, L' Olivereta",Piso en venta,https://www.tecnocasa.es/venta/piso/valencia/valencia/527307.html
55.000,77,"Valencia, L' Olivereta",Local comercial en venta,https://www.tecnocasa.es/venta/local-comercial/valencia/valencia/535558.html
170.000,125,"Valencia, L' Olivereta",Piso en venta,https://www.tecnocasa.es/venta/piso/valencia/valencia/538605.html
172.500,100,"Valencia, Patraix",Piso en venta,https://www.tecnocasa.es/venta/piso/valencia/valencia/542351.html
219.500,107,"Valencia, Patraix",Piso en venta,https://www.tecnocasa.es/venta/piso/valencia/valencia/544266.html
110.000,87,"Valencia, Quatre Carreres",Local comercial en venta,https://www.tecnocasa.es/venta/local-comercial/valencia/valencia/542746.html
149.900,83,"Valencia, Camins Al Grau",Piso en venta,https://www.tecnocasa.es/venta/piso/valencia/valencia/541915.html
205.000,86,"Valencia, Camins Al Grau",Piso en venta,https://www.tecnocasa.es/venta/piso/valencia/valencia/541854.html
169.000,100,"Valencia, Poblats Marítims",Piso en venta,https://www.tecnocasa.es/venta/piso/valencia/valencia/544942.html
165.900,79,"Valencia, Camins Al Grau",Piso en venta,https://www.tecnocasa.es/venta/piso/valencia/valencia/537856.html
119.000,93,"Valencia, Campanar",Piso en venta,https://www.tecnocasa.es/venta/piso/valencia/valencia/544797.html
160.000,98,"Valencia, L' Olivereta",Piso en venta,https://www.tecnocasa.es/venta/piso/valencia/valencia/544841.html
149.900,105,"Valencia, Camins Al Grau",Piso en venta,https://www.tecnocasa.es/venta/piso/valencia/valencia/544009.html
159.900,84,"Valencia, Algirós",Piso en venta,https://www.tecnocasa.es/venta/piso/valencia/valencia/542684.html
95.000,86,"Valencia, Camins Al Grau",Piso en venta,https://www.tecnocasa.es/venta/piso/valencia/valencia/234916.html
117.500,75,"Valencia, Jesús",Piso en venta,https://www.tecnocasa.es/venta/piso/valencia/valencia/544254.html
220.000,122,"Valencia, Camins Al Grau",Piso en venta,https://www.tecnocasa.es/venta/piso/valencia/valencia/541544.html
229.900,65,"Valencia, L' Eixample",Piso en venta,https://www.tecnocasa.es/venta/piso/valencia/valencia/492528.html
139.000,80,"Valencia, Quatre Carreres",Piso en venta,https://www.tecnocasa.es/venta/piso/valencia/valencia/542585.html
200.000,163,"Valencia, L' Eixample",Local comercial en venta,https://www.tecnocasa.es/venta/local-comercial/valencia/valencia/502298.html
23.000,32,"Valencia, Benimaclet",Box/plaza de garaje en venta,https://www.tecnocasa.es/venta/boxplaza-de-garaje/valencia/valencia/542163.html
215.000,77,"Valencia, L' Eixample",Piso en venta,https://www.tecnocasa.es/venta/piso/valencia/valencia/541590.html
174.000,100,"Valencia, Patraix",Piso en venta,https://www.tecnocasa.es/venta/piso/valencia/valencia/542634.html
149.900,190,"Valencia, Poblats Marítims",Local comercial en venta,https://www.tecnocasa.es/venta/local-comercial/valencia/valencia/541956.html
155.000,66,"Valencia, Poblats Marítims",Piso en venta,https://www.tecnocasa.es/venta/piso/valencia/valencia/543042.html
80.000,174,"Valencia, Rascanya",Local comercial en venta,https://www.tecnocasa.es/venta/local-comercial/valencia/valencia/542995.html
10.500,12,"Valencia, La Saïdia",Box/plaza de garaje en venta,https://www.tecnocasa.es/venta/boxplaza-de-garaje/valencia/valencia/543693.html
187.000,147,"Valencia, Patraix",Piso en venta,https://www.tecnocasa.es/venta/piso/valencia/valencia/538057.html
99.900,60,"Valencia, Benicalap",Piso en venta,https://www.tecnocasa.es/venta/piso/valencia/valencia/543195.html
125.000,85,"Valencia, Rascanya",Piso en venta,https://www.tecnocasa.es/venta/piso/valencia/valencia/540277.html
29.900,12,"Valencia, L' Eixample",Box/plaza de garaje en venta,https://www.tecnocasa.es/venta/boxplaza-de-garaje/valencia/valencia/535193.html
152.000,106,"Valencia, Patraix",Piso en venta,https://www.tecnocasa.es/venta/piso/valencia/valencia/534154.html
15.900,36,"Valencia, Camins Al Grau",Box/plaza de garaje en venta,https://www.tecnocasa.es/venta/boxplaza-de-garaje/valencia/valencia/542691.html
9.999,12,"Valencia, Quatre Carreres",Box/plaza de garaje en venta,https://www.tecnocasa.es/venta/boxplaza-de-garaje/valencia/valencia/513497.html
220.000,113,"Valencia, La Saïdia",Piso en venta,https://www.tecnocasa.es/venta/piso/valencia/valencia/359914.html
115.000,78,"Valencia, L' Olivereta",Piso en venta,https://www.tecnocasa.es/venta/piso/valencia/valencia/533442.html
128.000,105,"Valencia, Jesús",Piso en venta,https://www.tecnocasa.es/venta/piso/valencia/valencia/530363.html
267.500,168,"Valencia, Jesús",Ático en venta,https://www.tecnocasa.es/venta/atico/valencia/valencia/532195.html
131.000,87,"Valencia, Jesús",Piso en venta,https://www.tecnocasa.es/venta/piso/valencia/valencia/538908.html
144.000,43,"Valencia, Ciutat Vella",Piso en venta,https://www.tecnocasa.es/venta/piso/valencia/valencia/539805.html
100.000,105,"Valencia, Quatre Carreres",Local comercial en venta,https://www.tecnocasa.es/venta/local-comercial/valencia/valencia/542392.html
126.000,74,"Valencia, Benicalap",Piso en venta,https://www.tecnocasa.es/venta/piso/valencia/valencia/538922.html
120.000,50,"Valencia, Camins Al Grau",Piso en venta,https://www.tecnocasa.es/venta/piso/valencia/valencia/542183.html
154.999,123,"Valencia, Jesús",Piso en venta,https://www.tecnocasa.es/venta/piso/valencia/valencia/537406.html
195.000,93,"Valencia, Camins Al Grau",Piso en venta,https://www.tecnocasa.es/venta/piso/valencia/valencia/541846.html
179.500,127,"Valencia, Jesús",Piso en venta,https://www.tecnocasa.es/venta/piso/valencia/valencia/541517.html
207.000,101,"Valencia, Patraix",Piso en venta,https://www.tecnocasa.es/venta/piso/valencia/valencia/537614.html
8.000,13,"Valencia, La Saïdia",Box/plaza de garaje en venta,https://www.tecnocasa.es/venta/boxplaza-de-garaje/valencia/valencia/341327.html
9.000,13,"Valencia, La Saïdia",Box/plaza de garaje en venta,https://www.tecnocasa.es/venta/boxplaza-de-garaje/valencia/valencia/341319.html
195.000,112,"Valencia, Camins Al Grau",Piso en venta,https://www.tecnocasa.es/venta/piso/valencia/valencia/539079.html
149.000,71,"Valencia, Quatre Carreres",Piso en venta,https://www.tecnocasa.es/venta/piso/valencia/valencia/528208.html
129.900,61,"Valencia, Camins Al Grau",Piso en venta,https://www.tecnocasa.es/venta/piso/valencia/valencia/535867.html
240.000,160,"Valencia, Benicalap",Piso en venta,https://www.tecnocasa.es/venta/piso/valencia/valencia/536066.html
135.500,97,"Valencia, Jesús",Piso en venta,https://www.tecnocasa.es/venta/piso/valencia/valencia/524962.html
166.000,103,"Valencia, La Saïdia",Piso en venta,https://www.tecnocasa.es/venta/piso/valencia/valencia/538849.html
290.000,455,"Valencia, La Saïdia",Local comercial en venta,https://www.tecnocasa.es/venta/local-comercial/valencia/valencia/515050.html
15.500,9,"Valencia, La Saïdia",Box/plaza de garaje en venta,https://www.tecnocasa.es/venta/boxplaza-de-garaje/valencia/valencia/520527.html
117.000,77,"Valencia, Patraix",Piso en venta,https://www.tecnocasa.es/venta/piso/valencia/valencia/525919.html
152.500,94,"Valencia, Jesús",Piso en venta,https://www.tecnocasa.es/venta/piso/valencia/valencia/539993.html
14.500,15,"Valencia, Benicalap",Box/plaza de garaje en venta,https://www.tecnocasa.es/venta/boxplaza-de-garaje/valencia/valencia/537488.html
33.000,23,"Valencia, Benicalap",Local comercial en venta,https://www.tecnocasa.es/venta/local-comercial/valencia/valencia/534563.html
369.900,124,"Valencia, Poblats Marítims",Piso en venta,https://www.tecnocasa.es/venta/piso/valencia/valencia/535256.html
120.000,77,"Valencia, Rascanya",Piso en venta,https://www.tecnocasa.es/venta/piso/valencia/valencia/532845.html
310.000,143,"Valencia, Jesús",Piso en venta,https://www.tecnocasa.es/venta/piso/valencia/valencia/517992.html
127.500,80,"Valencia, Jesús",Piso en venta,https://www.tecnocasa.es/venta/piso/valencia/valencia/540322.html
273.250,1093,"Valencia, Quatre Carreres",Local comercial en venta,https://www.tecnocasa.es/venta/local-comercial/valencia/valencia/513854.html
207.500,147,"Valencia, Benicalap",Piso en venta,https://www.tecnocasa.es/venta/piso/valencia/valencia/536347.html
139.000,92,"Valencia, Patraix",Piso en venta,https://www.tecnocasa.es/venta/piso/valencia/valencia/539970.html
490.000,215,"Valencia, Poblats Marítims",Piso en venta,https://www.tecnocasa.es/venta/piso/valencia/valencia/539706.html
92.500,66,"Valencia, Jesús",Piso en venta,https://www.tecnocasa.es/venta/piso/valencia/valencia/539503.html
107.500,86,"Valencia, Jesús",Piso en venta,https://www.tecnocasa.es/venta/piso/valencia/valencia/538024.html
170.000,94,"Valencia, Jesús",Piso en venta,https://www.tecnocasa.es/venta/piso/valencia/valencia/539342.html
117.500,115,"Valencia, Jesús",Piso en venta,https://www.tecnocasa.es/venta/piso/valencia/valencia/536538.html
9.500,14,"Valencia, Patraix",Box/plaza de garaje en venta,https://www.tecnocasa.es/venta/boxplaza-de-garaje/valencia/valencia/514241.html
159.500,87,"Valencia, Patraix",Piso en venta,https://www.tecnocasa.es/venta/piso/valencia/valencia/515139.html
14.000,10,"Valencia, Patraix",Box/plaza de garaje en venta,https://www.tecnocasa.es/venta/boxplaza-de-garaje/valencia/valencia/524611.html
134.900,93,"Valencia, Patraix",Piso en venta,https://www.tecnocasa.es/venta/piso/valencia/valencia/530171.html
750,70,"Valencia, Patraix",Piso en venta,https://www.tecnocasa.es/venta/piso/valencia/valencia/535331.html
89.500,94,"Valencia, Jesús",Piso en venta,https://www.tecnocasa.es/venta/piso/valencia/valencia/535512.html
125.000,96,"Valencia, Campanar",Piso en venta,https://www.tecnocasa.es/venta/piso/valencia/valencia/537959.html
95.000,57,"Valencia, Benicalap",Piso en venta,https://www.tecnocasa.es/venta/piso/valencia/valencia/531537.html
127.500,67,"Valencia, Jesús",Piso en venta,https://www.tecnocasa.es/venta/piso/valencia/valencia/531160.html
75.000,72,"Valencia, L' Olivereta",Piso en venta,https://www.tecnocasa.es/venta/piso/valencia/valencia/537359.html
148.000,87,"Valencia, Jesús",Piso en venta,https://www.tecnocasa.es/venta/piso/valencia/valencia/531670.html
148.000,96,"Valencia, Jesús",Piso en venta,https://www.tecnocasa.es/venta/piso/valencia/valencia/531665.html
390.000,794,"Valencia, Quatre Carreres",Local comercial en venta,https://www.tecnocasa.es/venta/local-comercial/valencia/valencia/518662.html
340.000,385,"Valencia, Quatre Carreres",Local comercial en venta,https://www.tecnocasa.es/venta/local-comercial/valencia/valencia/518664.html
137.250,305,"Valencia, Quatre Carreres",Local comercial en venta,https://www.tecnocasa.es/venta/local-comercial/valencia/valencia/513853.html
135.000,82,"Valencia, L' Olivereta",Piso en venta,https://www.tecnocasa.es/venta/piso/valencia/valencia/528659.html
140.000,90,"Valencia, Jesús",Piso en venta,https://www.tecnocasa.es/venta/piso/valencia/valencia/534379.html
137.500,99,"Valencia, Jesús",Piso en venta,https://www.tecnocasa.es/venta/piso/valencia/valencia/535903.html
22.000,21,"Valencia, Rascanya",Box/plaza de garaje en venta,https://www.tecnocasa.es/venta/boxplaza-de-garaje/valencia/valencia/537283.html
12.000,12,"Valencia, Rascanya",Box/plaza de garaje en venta,https://www.tecnocasa.es/venta/boxplaza-de-garaje/valencia/valencia/537282.html
107.500,106,"Valencia, Jesús",Piso en venta,https://www.tecnocasa.es/venta/piso/valencia/valencia/536125.html
272.000,139,"Valencia, Rascanya",Ático en venta,https://www.tecnocasa.es/venta/atico/valencia/valencia/532656.html
22.000,12,"Valencia, Jesús",Box/plaza de garaje en venta,https://www.tecnocasa.es/venta/boxplaza-de-garaje/valencia/valencia/534783.html
995.000,274,"Valencia, Rascanya",Casa en venta,https://www.tecnocasa.es/venta/casa/valencia/valencia/491999.html
122.500,87,"Valencia, Jesús",Piso en venta,https://www.tecnocasa.es/venta/piso/valencia/valencia/520099.html
82.500,69,"Valencia, Jesús",Piso en venta,https://www.tecnocasa.es/venta/piso/valencia/valencia/534046.html
69.500,105,"Valencia, Jesús",Piso en venta,https://www.tecnocasa.es/venta/piso/valencia/valencia/526234.html
127.500,91,"Valencia, Patraix",Piso en venta,https://www.tecnocasa.es/venta/piso/valencia/valencia/376246.html
77.500,85,"Valencia, Jesús",Piso en venta,https://www.tecnocasa.es/venta/piso/valencia/valencia/528350.html
195.000,323,"Valencia, L' Olivereta",Local comercial en venta,https://www.tecnocasa.es/venta/local-comercial/valencia/valencia/532696.html
93.000,120,"Valencia, L' Olivereta",Local comercial en venta,https://www.tecnocasa.es/venta/local-comercial/valencia/valencia/532692.html
335.000,150,"Valencia, Extramurs",Piso en venta,https://www.tecnocasa.es/venta/piso/valencia/valencia/503981.html
107.500,85,"Valencia, Jesús",Piso en venta,https://www.tecnocasa.es/venta/piso/valencia/valencia/523441.html
209.000,120,"Valencia, Jesús",Piso en venta,https://www.tecnocasa.es/venta/piso/valencia/valencia/525408.html
19.500,20,"Valencia, Jesús",Box/plaza de garaje en venta,https://www.tecnocasa.es/venta/boxplaza-de-garaje/valencia/valencia/506924.html
69.900,70,"Valencia, Jesús",Piso en venta,https://www.tecnocasa.es/venta/piso/valencia/valencia/517840.html
123.500,90,"Valencia, Jesús",Piso en venta,https://www.tecnocasa.es/venta/piso/valencia/valencia/525751.html
137.500,95,"Valencia, Jesús",Piso en venta,https://www.tecnocasa.es/venta/piso/valencia/valencia/534189.html
18.900,38,"Valencia, Benimaclet",Box/plaza de garaje en venta,https://www.tecnocasa.es/venta/boxplaza-de-garaje/valencia/valencia/527164.html
185.000,74,"Valencia, Benimaclet",Piso en venta,https://www.tecnocasa.es/venta/piso/valencia/valencia/511535.html
17.990,28,"Valencia, Benimaclet",Box/plaza de garaje en venta,https://www.tecnocasa.es/venta/boxplaza-de-garaje/valencia/valencia/530051.html
180.000,97,"Valencia, Benimaclet",Piso en venta,https://www.tecnocasa.es/venta/piso/valencia/valencia/512111.html
45.000,10,"Valencia, Benimaclet",Box/plaza de garaje en venta,https://www.tecnocasa.es/venta/boxplaza-de-garaje/valencia/valencia/489426.html
14.900,50,"Valencia, Benimaclet",Box/plaza de garaje en venta,https://www.tecnocasa.es/venta/boxplaza-de-garaje/valencia/valencia/490686.html
105.000,85,"Valencia, La Saïdia",Piso en venta,https://www.tecnocasa.es/venta/piso/valencia/valencia/485636.html
7.500,16,"Valencia, Rascanya",Box/plaza de garaje en venta,https://www.tecnocasa.es/venta/boxplaza-de-garaje/valencia/valencia/514329.html
64.900,55,"Valencia, Benimaclet",Local comercial en venta,https://www.tecnocasa.es/venta/local-comercial/valencia/valencia/483827.html
